{
    "timestamp": "2025-06-02T14:58:13.519763",
    "co": 1.518042,
    "no2": 0.076549,
    "voc": 0,
    "o3": 298426.5,
    "co2": 400,
    "pm1": 7,
    "pm10": 9,
    "pm25": 9,
    "uv": 0,
    "temperatura": 25.47,
    "umidade": 61.31001,
    "ruido": null
}